{"Mean":{"confidence_interval":{"confidence_level":0.95,"lower_bound":2.3794278045417847,"upper_bound":2.4079183225258777},"point_estimate":2.393001186014749,"standard_error":0.007248855185682668},"Median":{"confidence_interval":{"confidence_level":0.95,"lower_bound":2.36083601220653,"upper_bound":2.384359080989605},"point_estimate":2.36875351942841,"standard_error":0.006884933573677884},"MedianAbsDev":{"confidence_interval":{"confidence_level":0.95,"lower_bound":0.03028238591464796,"upper_bound":0.05515403625098162},"point_estimate":0.036504921158804676,"standard_error":0.006710506831503823},"Slope":{"confidence_interval":{"confidence_level":0.95,"lower_bound":2.382236002899119,"upper_bound":2.431239039274465},"point_estimate":2.40547070586017,"standard_error":0.01257232008369289},"StdDev":{"confidence_interval":{"confidence_level":0.95,"lower_bound":0.05453369210146985,"upper_bound":0.08863076429954854},"point_estimate":0.07268731694954216,"standard_error":0.008732737874657093}}