{"Mean":{"confidence_interval":{"confidence_level":0.95,"lower_bound":-0.01621477140680408,"upper_bound":0.004674928511316767},"point_estimate":-0.005422249251649247,"standard_error":0.005313777337752872},"Median":{"confidence_interval":{"confidence_level":0.95,"lower_bound":-0.010558388873444338,"upper_bound":0.004892138975807484},"point_estimate":-0.003854010317865253,"standard_error":0.0041329985869028589}}