{"Mean":{"confidence_interval":{"confidence_level":0.95,"lower_bound":2.387197529552886,"upper_bound":2.428835403706614},"point_estimate":2.4060473745910579,"standard_error":0.010629027965495537},"Median":{"confidence_interval":{"confidence_level":0.95,"lower_bound":2.36186725931712,"upper_bound":2.3906617164456658},"point_estimate":2.3779180400899548,"standard_error":0.006952195918807089},"MedianAbsDev":{"confidence_interval":{"confidence_level":0.95,"lower_bound":0.03772926262097619,"upper_bound":0.06885924635526999},"point_estimate":0.05240952373875789,"standard_error":0.0078053345735709989},"Slope":{"confidence_interval":{"confidence_level":0.95,"lower_bound":2.3917794011187025,"upper_bound":2.456895871064178},"point_estimate":2.418869958573905,"standard_error":0.0169631770287408},"StdDev":{"confidence_interval":{"confidence_level":0.95,"lower_bound":0.06377853264184196,"upper_bound":0.15294551426457493},"point_estimate":0.10706458804919864,"standard_error":0.025226655502612804}}